ugurguler|[]|50|u0@u0.com|Uğur Güler|admin
anilaydin|[]|50|u1@u1.com|Anıl Aydın|user
esragurlukyurt|[]|50|u2@u2.com|Esra Gürlük Yurt|user
elifdal|[]|50|u3@u3.com|Elif Dal|user
arifbektas|[]|50|u4@u4.com|Arif Bektaş|user
hasancagritras|[]|50|u5@u5.com|Hasan Çağrı Traş|user
rahimeozdemir|[]|50|u6@u6.com|Rahime Özdemir|user
denizgurer|[]|50|u7@u7.com|Deniz Gürer|user
tahayamac|[]|50|u8@u8.com|Taha Yamaç|user
korayyurtseven|[]|50|u9@u9.com|Koray Yurtseven|admin
egemensarimaden|[]|50|u10@u10.com|Egemen Sarımaden|admin
